attempt_id	commit	parent_commit	timestamp_utc	accuracy	parameters	status	description	proposal	train_exit	verify_exit
baseline	1ec34ca45fa2e5e0ffa98b37e106567ab1e2b0d8		2026-08-17T01:09:29.225737+00:00	100.000000%	6080	keep	initial 6080-parameter pretrained starting model	baseline qualification check		0
attempt-0001	f32ca53d7e27b6dfd59c1c7be2a16efe9cc0aff7	1ec34ca45fa2e5e0ffa98b37e106567ab1e2b0d8	2026-08-17T01:40:33.796314+00:00			error	Replace learned absolute positions with fixed sinusoidal encoding; parameterization-preserving positional representation substitution.	Family: position representation. Retained incumbent is 6080 parameters at 100.000000%, a +1.000000 percentage-point margin over 99%. Same-family history: no prior accepted or failed result; 0 prior attempts. Hypothesis: fixed sinusoidal position features preserve the alignment signal required by reversed addition while eliminating the learned 35x16 table (560 parameters). This is a representational change, not merely a parameterization-preserving compression. This repairs the unlogged infrastructure failure in the first launch before any train/verify evidence. It is more informative than the nearest untested alternative, deleting position information entirely, because it separates learned position capacity from the need for an ordering signal.	0	
attempt-0002	fa13945962a6fc4ae4c712ab20b0959d2f1c90a1	1ec34ca45fa2e5e0ffa98b37e106567ab1e2b0d8	2026-08-17T01:52:58.217944+00:00	99.950000%	5824	keep	Reduce each feed-forward hidden width from 48 to 44 while retaining learned positions and all other baseline mechanisms.	Family: feed-forward width. Retained incumbent is 6080 parameters at 100.000000%, a +1.000000 percentage-point margin over 99%. Same-family history: no prior accepted or failed result; 0 prior attempts. The distinct position-representation attempt failed as an optimization failure (0% validation throughout 30000 steps, no checkpoint), so it does not establish a feed-forward capacity boundary. Hypothesis: a 44-wide GELU bottleneck retains sufficient carry and digit-processing capacity while saving 256 parameters, from 6080 to 5824. This is a parameterization-preserving compression, not a representational change. It is more informative than the nearest untested alternative, a larger width reduction to 40, because it locates the first compression boundary with the smallest coherent decrement.	0	0
attempt-0003	02fc67e1ea918cac3e24c0cb4067cddf8fc6611b	fa13945962a6fc4ae4c712ab20b0959d2f1c90a1	2026-08-17T02:58:47.722997+00:00	99.910000%	4288	keep	[automation:ff-width-descend] Monotonic descending sweep of feed-forward widths below the retained 44-wide bottleneck, one candidate per runner-mediated micro-trial. | Tested feed-forward widths 40, 36, 32, 28, 24, and 20 in descending order. All six micro-trials qualified and were retained; the final frontier is ff=20 with 4288 parameters and 99.910000% official development-verifier accuracy. There were no scored failures or errors. Compute used: 6 x 30000 = 180000 training steps, about 52 minutes wall-clock from the archived micro-trial timestamps. Stopped because the declared six-micro-trial cap was reached, as recorded by AUTOMATION_TRIGGER.json.	Family: feed-forward width. Retained incumbent is 5824 parameters at 99.950000%, a +0.950000 percentage-point margin over 99%. Same-family history: accepted attempt-0002 at ff=44 (5824, 99.95%); no scored failure; 1 prior attempt. Hypothesis: the retained 44-wide bottleneck may tolerate further four-channel decrements while learned positional embeddings and attention remain fixed. This is a parameterization-preserving compression, not a representational change. Ordering: test ff widths 40, 36, 32, 28, 24, 20 in descending order, always from the retained source. Acceptance/rollback: the runner retains only a qualified strictly smaller candidate and otherwise restores the incumbent; after any scored discard or error, stop because the monotonic smaller-width branch is ineligible until a different mechanism changes the hypothesis. Stopping: first discard/error, no eligible widths, or six micro-trials. Maximum micro-trials: 6. Compute budget: at most 180000 training steps and six runner training windows (21600 seconds configured maximum); no train, verify, retain, or discard action occurs outside the runner. This is more informative than jumping directly to ff=32 because it resolves the nearest untested capacity boundary.		
attempt-0004	02fc67e1ea918cac3e24c0cb4067cddf8fc6611b	02fc67e1ea918cac3e24c0cb4067cddf8fc6611b	2026-08-17T03:08:03.328257+00:00			discard	[automation:ff-width-low] Continue the bounded monotonic feed-forward-width sweep from retained width 20 through lower four-channel bottlenecks. | Attempted the declared low-width range beginning with ff=16. The first micro-trial was an optimization failure: it completed 30000 steps in 8.4 minutes but validation plateaued near 11.4%, never met the checkpoint gate, and therefore had no official score. No candidate was retained; frontier remains ff=20 at 4288 parameters and 99.910000%. Compute used: 30000 training steps. Stopped because the scored error changed the monotonic smaller-width eligibility rule; widths 12, 8, and 4 were not run.	Family: feed-forward width. Retained incumbent is 4288 parameters at 99.910000%, a +0.910000 percentage-point margin over 99%. Same-family history: most recent accepted result is micro-0006 at ff=20 (4288, 99.91%); no scored failure; 2 prior family macro-attempts comprising 7 scored candidates. Hypothesis: the retained 20-wide bottleneck may still contain redundant channels, but the remaining capacity margin makes a fine, ordered sweep necessary. This is a parameterization-preserving compression, not a representational change. Ordering: test ff widths 16, 12, 8, 4 in descending order. Acceptance/rollback: the runner retains only a qualified strictly smaller candidate and restores the incumbent otherwise; any scored discard/error stops the smaller-width branch because it changes the declared monotonic eligibility rule. Stopping: first discard/error, no eligible widths, or four micro-trials. Maximum micro-trials: 4. Compute budget: at most 120000 training steps and four configured 3600-second runner windows; all training, verification, and retention remain exclusively in run_attempt.py. This is more informative than skipping to ff=12 because ff=16 is the nearest untested width and directly locates the next boundary.		
attempt-0005	7fa4b04c82ac810b26da7a9a885b3bb698cd9982	02fc67e1ea918cac3e24c0cb4067cddf8fc6611b	2026-08-17T03:16:08.561321+00:00			error	Tie the two sequential transformer-block applications to one shared block while retaining two recurrent depth applications, learned positions, and ff=20.	Family: parameter tying. Retained incumbent is 4288 parameters at 99.910000%, a +0.910000 percentage-point margin over 99%. Same-family history: the baseline's tied input/output embedding was accepted at 6080 parameters and 100.000000%; there is no prior cross-layer-tying failure and 0 prior cross-layer-tying candidate attempts. The most recent width-family failure was an optimization failure at ff=16 (validation peaked at 11.4% after 30000 steps), which establishes a feed-forward boundary but not a sharing boundary. Hypothesis: repeated application of one learned transformer block can preserve the two-stage computation needed for carry propagation while removing the second block's independent parameters, reducing 4288 to 2560. This is a representational parameter-tying change, not scalar pruning. It is more informative than the nearest untested alternative, tying only a subprojection such as attention QKV, because it tests whether full block-specific depth capacity is needed while retaining exactly two attention applications.	0	
attempt-0006	8283b3e78a8dca7557c9afa83c7235e5d0dff2ce	02fc67e1ea918cac3e24c0cb4067cddf8fc6611b	2026-08-17T03:27:01.137995+00:00	99.660000%	3528	keep	Reduce the shared latent width from d=16 to d=14 while retaining two untied two-head blocks, learned positions, and ff=20.	Family: attention organization. Retained incumbent is 4288 parameters at 99.910000%, a +0.910000 percentage-point margin over 99%. Same-family history: no prior accepted or failed result; 0 prior attempts. The nearest scalar-pruning boundary ff=16 was an optimization failure (validation peaked at 11.4% after 30000 steps), and full-block parameter tying likewise failed (peak 9.7%), but neither tests per-head latent dimensionality. Hypothesis: reducing d_model from 16 to 14 while retaining two heads changes each head from 8 to 7 channels and may preserve the separate attention pathways while removing 760 parameters, from 4288 to 3528. This is a parameterization-preserving latent-width compression, not a representational substitution. It is more informative than the nearest untested alternative d=12 because d=14 supplies the smallest valid two-head decrement and locates the next attention-capacity boundary.	0	0
attempt-0007	8283b3e78a8dca7557c9afa83c7235e5d0dff2ce	8283b3e78a8dca7557c9afa83c7235e5d0dff2ce	2026-08-17T03:36:33.374194+00:00			discard	[automation:dmodel-descend] Monotonic descending sweep of valid two-head latent widths below the retained d=14 architecture. | Attempted the declared two-head latent-width range beginning at d=12. The first micro-trial was an optimization failure: it completed 30000 steps in 8.3 minutes but validation peaked at 7.6%, never produced a checkpoint, and consequently had no official score. No candidate was retained; frontier remains d=14, ff=20 at 3528 parameters and 99.660000%. Compute used: 30000 training steps. Stopped because the scored error changed the monotonic lower-width eligibility rule; d=10, 8, 6, 4, and 2 were not run.	Family: attention organization. Retained incumbent is 3528 parameters at 99.660000%, a +0.660000 percentage-point margin over 99%. Same-family history: accepted attempt-0006 at d=14 (3528, 99.66%); no scored failure; 1 prior attempt. Hypothesis: the retained d=14 two-head representation may tolerate additional even-width compression while retaining two independent attention pathways. This is a parameterization-preserving latent-width compression, not a representational substitution. Ordering: test d_model values 12, 10, 8, 6, 4, 2 in descending order with n_heads=2 and ff=20 fixed. Acceptance/rollback: the runner retains only a qualified smaller candidate and restores the incumbent otherwise; stop on any scored discard/error because smaller widths are then ineligible under the declared monotonic policy. Stopping: first discard/error, no eligible widths, or six micro-trials. Maximum micro-trials: 6. Compute budget: at most 180000 training steps and six configured runner windows (21600 seconds); no training, verification, retention, or silent discarding occurs outside run_attempt.py. This is more informative than skipping to d=10 because d=12 is the nearest untested valid two-head decrement.		
attempt-0008	df0a176b16a8aa8a52594eec1f9ef1e3adf17de9	8283b3e78a8dca7557c9afa83c7235e5d0dff2ce	2026-08-17T03:43:49.681134+00:00			error	Use a single untied decoder block at d=14, h=2, ff=20 while retaining learned positions and the autoregressive attention path.	Family: attention organization. Retained incumbent is 3528 parameters at 99.660000%, a +0.660000 percentage-point margin over 99%. Same-family history: accepted attempt-0006 reduced latent width to d=14 (3528, 99.66%); the subsequent d=12 sweep failed as an optimization failure (7.6% peak validation after 30000 steps); 2 prior family macro-attempts. Hypothesis: the two-block retained model may have depth redundancy, and one full self-attention-plus-feed-forward block may suffice for this fixed-format autoregressive task while retaining the required attention layer. This is a parameterization-preserving depth compression, not a representational change. It is more informative than the nearest untested alternative, removing or simplifying only the feed-forward sublayer, because it first establishes whether the entire second computational stage is necessary.	0	
attempt-0009	5e15ca9b01e1065a9bac045666386b22c8d9e8c7	8283b3e78a8dca7557c9afa83c7235e5d0dff2ce	2026-08-17T03:44:24.846194+00:00			error	Remove additive bias parameters from all five LayerNorm instances while retaining their learned scales and baseline depth/width.	Family: normalization. Retained incumbent is 3528 parameters at 99.660000%, a +0.660000 percentage-point margin over 99%. Same-family history: no prior accepted or failed result; 0 prior attempts. The one-layer attention variant was an optimization failure (0% validation after 30000 steps), but it does not test normalization offsets. Hypothesis: LayerNorm's learned additive offsets are redundant in this bias-free residual network; retaining scales and centering/variance normalization may preserve learning while eliminating those parameters. This is a parameterization-preserving scalar compression, not a representational substitution. It is more informative than the nearest untested alternative, replacing LayerNorm with RMSNorm, because removing offsets first cleanly attributes any effect to the learned shifts rather than to changing the normalization statistic.	1	
attempt-0010	cff1ab39564417a3c68b333f74c1fa9b3487dc49	8283b3e78a8dca7557c9afa83c7235e5d0dff2ce	2026-08-17T03:53:15.980989+00:00			error	Repair the LayerNorm-offset pruning candidate by handling absent normalization biases during initialization, then train the same no-offset model.	Family: normalization. Retained incumbent is 3528 parameters at 99.660000%, a +0.660000 percentage-point margin over 99%. Same-family history: no accepted result; attempt-0009 failed with a reproducible implementation error before training because initialization attempted to zero a None LayerNorm bias; 1 prior attempt. This is the permitted repair of that exact candidate, not a silent retry: initialization now skips absent biases, while all five LayerNorm offsets remain removed and their scales/statistics remain unchanged. Hypothesis: those learned offsets are redundant in the bias-free residual network. This remains a parameterization-preserving scalar compression, not a representational change. It is more informative than the nearest untested alternative, RMSNorm, because it isolates the offset parameters without changing the normalization statistic.	0	
attempt-0011	b64385b22077b6984e2cffb49ee2250bd2f95074	8283b3e78a8dca7557c9afa83c7235e5d0dff2ce	2026-08-17T04:05:50.051202+00:00			error	Retry the no-LayerNorm-offset candidate with 45000 steps and a 10%-of-base learning-rate floor after its late 98.6% validation plateau.	Family: normalization. Retained incumbent is 3528 parameters at 99.660000%, a +0.660000 percentage-point margin over 99%. Same-family history: no accepted result; attempt-0010 was an optimization failure for the no-offset model, reaching 98.6% validation near the end of 30000 steps but never checkpointing; attempt-0009 was its repaired implementation precursor; 2 prior attempts. This is not a silent retry: the training condition changes from a 30000-step cosine that decays to zero to 45000 steps with a 10%-of-base tail, motivated by the candidate's late continuing improvement. The architecture and parameter reduction are unchanged. This remains parameterization-preserving normalization compression, not a representational change. It is more informative than the nearest untested alternative, RMSNorm, because it distinguishes insufficient optimization time from the need for LayerNorm offsets before changing normalization statistics.	0	
attempt-0012	b83d413f1422d8bf55bc797d729f1519d9e72d80	8283b3e78a8dca7557c9afa83c7235e5d0dff2ce	2026-08-17T04:18:28.492912+00:00	99.660000%	3430	keep	Factor learned positional embeddings through a learned rank-8 code and projection while retaining d=14, two heads, two blocks, and ff=20.	Family: position representation. Retained incumbent is 3528 parameters at 99.660000%, a +0.660000 percentage-point margin over 99%. Same-family history: no accepted result; attempt-0001 replaced learned positions with fixed sinusoids and was an optimization failure (0% validation throughout 30000 steps); 1 prior attempt. Hypothesis: learned low-rank positional codes retain adaptable position-specific alignment while constraining the position matrix, unlike the failed all-fixed encoding. This is a representational factorization, not parameterization-preserving scalar pruning. The rank-8 code/projection reduces positional degrees of freedom while preserving a learned mapping to the d=14 residual stream. It is more informative than the nearest untested alternative rank 4 because rank 8 first tests a modest rank constraint that can distinguish redundant positional directions from the need for fully independent position vectors.	0	0
attempt-0013	b83d413f1422d8bf55bc797d729f1519d9e72d80	b83d413f1422d8bf55bc797d729f1519d9e72d80	2026-08-17T04:38:39.817215+00:00			discard	[automation:position-rank-descend] Monotonic descending sweep of learned positional factorization ranks below the retained rank-8 representation. | Attempted learned positional rank 6 from retained rank 8; the single micro-trial completed 30000 training steps in about 9.4 minutes, plateaued at 10.25% validation, produced no checkpoint, and received no official score. No candidate was retained; the frontier remains rank 8 at 3430 parameters and 99.660000%. Stopped because the recorded optimization-failure error changed the declared monotonic lower-rank eligibility rule, as recorded in AUTOMATION_TRIGGER.json.	Family: position representation. Retained incumbent is 3430 parameters at 99.660000%, a +0.660000 percentage-point margin over 99%. Same-family history: accepted attempt-0012 at learned positional rank 8 (3430, 99.66%); earlier attempt-0001's fixed sinusoidal substitution was an optimization failure; 2 prior family attempts. Hypothesis: the retained learned factorization may tolerate lower positional rank because fixed-format addition positions share structured roles. This is a representational factorization, not parameterization-preserving scalar pruning. Ordering: test ranks 6, 4, 2, 1 in descending order. Acceptance/rollback: the runner retains only qualified smaller candidates and restores the incumbent otherwise; any scored discard/error stops the lower-rank branch because it changes the declared monotonic eligibility rule. Stopping: first discard/error, no eligible ranks, or four micro-trials. Maximum micro-trials: 4. Compute budget: at most 120000 training steps and four configured runner windows (14400 seconds); all training, verification, retention, and recording run exclusively through run_attempt.py. This is more informative than skipping to rank 4 because rank 6 is the nearest untested learned-rank boundary.		
attempt-0014	73968f147c6ca1cc9fc011471ca7d70399fedabc	b83d413f1422d8bf55bc797d729f1519d9e72d80	2026-08-17T04:49:02.246557+00:00			error	Replace the 15x14 tied token table with a rank-4 learned token code expanded through a fixed DCT basis, preserving tied input/output token vectors and the retained d=14, h=2, L=2, ff=20, rank-8 position architecture.	Family: token representation. Retained incumbent is 3430 parameters at 99.660000%, a +0.660000 percentage-point margin over 99%. Same-family history: no accepted token-representation candidate and no failed token-representation candidate; 0 prior attempts in this family. Hypothesis: the 15 token identities may need only a small learned code because the fixed DCT expansion supplies a stable 14-dimensional residual representation, while constructing output logits from the same expanded table retains input/output tying. This is a representational substitution, not parameterization-preserving scalar pruning; it removes 150 actual learned parameters (3430 to 3280). This repairs the unlogged sandbox Git-index failure in the prior launch before any training or verification occurred. It is more informative than the nearest untested alternative rank 3 because rank 4 is the largest rank that genuinely reduces the tied token representation and isolates whether token-space rank is redundant.	0	
attempt-0015	c0444ddb8057317a81fc06ecfbae38740724a95a	b83d413f1422d8bf55bc797d729f1519d9e72d80	2026-08-17T04:59:38.219053+00:00			error	Tie each attention value projection to its output projection by transpose while retaining independent query/key projections, two blocks, d=14, h=2, ff=20, and rank-8 learned positional factorization.	Family: parameter tying. Retained incumbent is 3430 parameters at 99.660000%, a +0.660000 percentage-point margin over 99%. Same-family history: the starting model's tied input/output embedding was accepted at 6080 parameters and 100.000000%; the most recent failed formal tying candidate was attempt-0005, full cross-layer block sharing, an optimization failure that peaked near 9.7% validation; 1 prior parameter-tying candidate attempt. The immediately preceding token-code attempt-0014 is classified as an optimization failure (30000 completed steps, 1.5% peak validation, no checkpoint), not a scored capacity result. Hypothesis: attention may preserve useful value content when the output map decodes through the transpose of the same learned value basis, eliminating one 14x14 matrix per block while leaving attention routing (Q and K) and inter-block specialization unconstrained. This is a representational parameter-tying change, not scalar pruning, reducing actual learned parameters from 3430 to 3038. It is more informative than the nearest untested alternative Q/K tying because it constrains content encoding/decoding without also forcing query and key roles to be symmetric.	0	
attempt-0016	066a07c26ee65eb435feee1545bbe50f6ea82d04	b83d413f1422d8bf55bc797d729f1519d9e72d80	2026-08-17T05:08:44.291677+00:00			error	Remove all five LayerNorm additive bias vectors while retaining LayerNorm scales, the rank-8 learned positional factorization, d=14, h=2, L=2, and ff=20.	Family: normalization. Retained incumbent is 3430 parameters at 99.660000%, a +0.660000 percentage-point margin over 99%. Same-family history: no accepted normalization compression; the most recent failed result was attempt-0011, the no-offset variant under an extended 45000-step, learning-rate-floor schedule, an optimization failure that peaked only 11.5% validation after unstable training; 2 prior family attempts. The immediately preceding tying candidate attempt-0015 is an optimization failure (30000 steps, 7.4% peak validation, no checkpoint), not a scored result. Hypothesis: all learned normalization shifts remain redundant after the newly retained rank-8 learned positional factorization, which the earlier no-offset trials did not use; retaining scales and LayerNorm statistics preserves the normalizing mechanism while removing 70 actual scalar parameters (3430 to 3360). This is parameterization-preserving scalar compression rather than a representational substitution. It is more informative than the nearest untested alternative RMSNorm because it changes only additive offsets and, unlike the prior no-offset runs, isolates their interaction with the accepted positional factorization under the standard schedule.	0	
attempt-0017	90f613a68279044ea5bc003db0bfe9aa0525d2f2	b83d413f1422d8bf55bc797d729f1519d9e72d80	2026-08-17T05:18:07.954344+00:00			error	Replace the learned rank-8-to-14 positional projection with a fixed orthogonal DCT basis while retaining the 35x8 learned positional code table and all retained attention/feed-forward settings.	Family: position representation. Retained incumbent is 3430 parameters at 99.660000%, a +0.660000 percentage-point margin over 99%. Same-family history: the most recent accepted result is attempt-0012, learned positional rank 8 (3430, 99.66%); the most recent failed result is the attempt-0013 rank-descending automation, whose rank-6 micro-trial was an optimization failure with 10.25% peak validation; 3 prior family macro-attempts. The immediately preceding no-offset normalization attempt-0016 is an optimization failure (30000 steps, 10.25% peak validation, no checkpoint), not an official nonqualification. Hypothesis: the learned per-position rank-8 codes may encode the needed fixed-format role information even if their expansion basis is deterministic; a fixed orthogonal DCT projection removes 112 learned weights while keeping all 35 position-specific codes, reducing 3430 to 3318 parameters. This is a representational factorization, not parameterization-preserving scalar pruning. It is more informative than the nearest untested learned rank-7 alternative because it separates the need for a learned positional subspace orientation from the independently observed rank capacity boundary.	0	
attempt-0018	5df2d688e2d02db381b433edfd69c56a74232446	b83d413f1422d8bf55bc797d729f1519d9e72d80	2026-08-17T05:31:26.198621+00:00			error	Retry the fixed-basis rank-8 positional-code model with 45000 training steps and a 10%-of-base learning-rate floor after its 92.55% late-stage validation trajectory under zero-ending cosine decay.	Family: training control. Retained incumbent is 3430 parameters at 99.660000%, a +0.660000 percentage-point margin over 99%. Same-family history: no accepted training-control candidate; the most recent failed training-control result was attempt-0011, a 45000-step learning-rate-floor retry for the distinct no-offset normalization model that was an optimization failure; 1 prior attempt in this family. The immediately preceding fixed-position-basis attempt-0017 is an optimization failure, not a scored nonqualification: its 3318-parameter model reached 92.55% validation at step 30000 and was still climbing as its cosine learning rate reached zero. This is an explicitly changed-condition retry, not a silent retry: the architecture remains the same 3318-parameter learned rank-8 code plus fixed DCT expansion, but training changes to 45000 steps with a 10%-of-base tail to test whether premature annealing caused the observed late-stage ceiling. It is a training-control intervention, not parameterization-preserving compression. It is more informative than the nearest untested projection basis because it first distinguishes optimization duration from the representational effect that produced the continuous late improvement.	0	
attempt-0019	53eb7addd2c7ab17a49fea8562a708775d6ef744	b83d413f1422d8bf55bc797d729f1519d9e72d80	2026-08-17T05:40:43.436352+00:00			error	Use independent 7-dimensional QKV projections within each of two attention heads while retaining each block's dense 14x14 attention-output projection, d=14, two blocks, ff=20, and rank-8 learned positions.	Family: attention organization. Retained incumbent is 3430 parameters at 99.660000%, a +0.660000 percentage-point margin over 99%. Same-family history: the most recent accepted result is attempt-0006, d=14 with two heads (3528, 99.66%); the most recent failed result is attempt-0008, a one-layer d=14 variant that was an optimization failure; 3 prior family macro-attempts. The immediately preceding attempt-0018 fixed-position training-control retry is an optimization failure (45000 steps, no checkpoint), so its unscored result does not establish a verifier boundary. Hypothesis: per-head QKV computation may be sufficient because the retained dense output projection and feed-forward networks still mix the two head subspaces after attention; restricting only QKV maps removes 294 weights per block, reducing 3430 to 2842 actual parameters without reducing d_model, head count, or depth. This is an attention-organization representational change, not scalar pruning. It is more informative than the nearest untested d=12 alternative because it preserves the established d=14 residual capacity while directly testing whether cross-head QKV coupling is necessary.	0	
attempt-0020	76ee614397e90d84de96c2e36d518ccedc2a2512	b83d413f1422d8bf55bc797d729f1519d9e72d80	2026-08-17T05:49:34.613097+00:00			error	Tie the two transformer blocks' feed-forward sublayers while retaining independent attention and normalization sublayers, d=14, h=2, ff=20, and rank-8 learned positional factorization.	Family: parameter tying. Retained incumbent is 3430 parameters at 99.660000%, a +0.660000 percentage-point margin over 99%. Same-family history: the accepted starting model used tied input/output embeddings (6080 parameters, 100.000000%); the most recent failed tying result is attempt-0015, transpose tying of attention value/output maps, an optimization failure with 7.4% peak validation; 2 prior parameter-tying candidate attempts. The immediately preceding head-local-QKV attempt-0019 is an optimization failure (30000 steps, 5.55% peak validation, no checkpoint), not a scored nonqualification. Hypothesis: the feed-forward nonlinearity may be reusable across the two computational stages even though the two attention maps must remain layer-specific; sharing only the 560-parameter feed-forward sublayer preserves two serial GELU applications, independent attention routing, and independent normalization while reducing actual parameters from 3430 to 2870. This is a representational parameter-tying change, not scalar pruning. It is more informative than the nearest untested attention-sublayer sharing alternative because the prior full-block-sharing failure leaves an identifiable question about whether attention, rather than feed-forward computation, required depth-specific capacity.	0	
attempt-0021	5b177c440e82188c64d67564c091b2f786214b09	b83d413f1422d8bf55bc797d729f1519d9e72d80	2026-08-17T05:58:24.458935+00:00			error	Remove only the final LayerNorm additive bias while retaining its scale, both block LayerNorms with biases, and all retained d=14, h=2, L=2, ff=20, rank-8 positional mechanisms.	Family: scalar pruning. Retained incumbent is 3430 parameters at 99.660000%, a +0.660000 percentage-point margin over 99%. Same-family history: no accepted scalar-pruning candidate and no failed scalar-pruning candidate; 0 prior attempts in this family. The immediately preceding feed-forward-sharing attempt-0020 is an optimization failure (30000 steps, 58.95% peak validation, no checkpoint), not a scored nonqualification. Hypothesis: the final normalization offset merely shifts all token logits through the tied output table and may be redundant after centering; deleting only that 14-scalar vector leaves all attention, feed-forward, position, and inner-normalization parameterizations intact, reducing actual parameters from 3430 to 3416. This is parameterization-preserving scalar pruning, not a representational substitution. It is more informative than the nearest untested inner-LayerNorm-bias deletion because it isolates the smallest possible normalization offset change without modifying residual-stream calibration inside either transformer block.	0	
attempt-0022	b83d413f1422d8bf55bc797d729f1519d9e72d80	b83d413f1422d8bf55bc797d729f1519d9e72d80	2026-08-17T06:08:08.207823+00:00			discard	[automation:ff-width-fine] Monotonic one-channel descending sweep of feed-forward bottleneck widths below the retained 20-wide model in the d=14, rank-8 positional architecture. | Attempted the declared fine feed-forward-width range beginning at ff=19 in the retained d=14, rank-8 positional architecture. The only micro-trial completed 30000 steps in about 7.9 minutes, peaked at 9.9% validation, produced no checkpoint, and had no official score. No candidate was retained; frontier remains ff=20 at 3430 parameters and 99.660000%. Compute used: 30000 training steps. Stopped because the scored optimization-failure error changed the declared monotonic lower-width eligibility rule, as recorded in AUTOMATION_TRIGGER.json; ff=18 and ff=17 were not run.	Family: feed-forward width. Retained incumbent is 3430 parameters at 99.660000%, a +0.660000 percentage-point margin over 99%. Same-family history: the most recent accepted result is attempt-0003, whose sweep retained ff=20 at 4288 parameters and 99.91%; the most recent failed result is attempt-0004, whose ff=16 micro-trial was an optimization failure near 11.4% validation; 3 prior family macro-attempts. The immediately preceding scalar-pruning attempt-0021 is an optimization failure (30000 steps, 0.35% peak validation, no checkpoint), not a scored nonqualification. Hypothesis: in the newer retained d=14/rank-8-position architecture, one-channel reductions below ff=20 may retain the nonlinear carry-processing capacity that the earlier coarse sweep could not resolve. This is parameterization-preserving scalar compression, not a representational substitution. Ordering: test ff widths 19, 18, then 17, descending. Acceptance/rollback: the runner retains only qualified strictly smaller candidates and restores the incumbent otherwise; any scored discard or error stops the lower-width branch because it changes the monotonic eligibility rule. Stopping: first discard/error, no eligible widths, or three micro-trials. Maximum micro-trials: 3. Compute budget: at most 90000 training steps and three configured runner windows (10800 seconds); all candidate edits, training, verification, retention, and recording remain exclusively runner-mediated. This is more informative than jumping to ff=17 because ff=19 is the nearest untested bottleneck boundary.		
attempt-0023	65520991ad3a0a3a527b1b2a2352ecb56b0c0ec5	b83d413f1422d8bf55bc797d729f1519d9e72d80	2026-08-17T06:17:03.096842+00:00			error	Factor each 14-to-42 QKV projection through a learned rank-10 bottleneck while retaining dense attention output projections, two heads, two blocks, ff=20, and rank-8 learned positions.	Family: attention organization. Retained incumbent is 3430 parameters at 99.660000%, a +0.660000 percentage-point margin over 99%. Same-family history: the most recent accepted result is attempt-0006, d=14 with two heads (3528, 99.66%); the most recent failed result is attempt-0019, head-local QKV projections, an optimization failure with 5.55% peak validation; 4 prior family macro-attempts. The immediately preceding fine feed-forward-width automation attempt-0022 is an optimization failure: its ff=19 micro-trial completed 30000 steps, peaked at 9.9% validation, and produced no checkpoint. Hypothesis: Q, K, and V may share a modest ten-dimensional upstream feature basis without losing the established d=14 residual stream or dense cross-head output mixing; this saves 28 learned weights per block, reducing actual parameters from 3430 to 3374. This is a representational attention factorization, not parameterization-preserving scalar pruning. It is more informative than the nearest untested rank-9 factorization because rank 10 is the smallest bottleneck reduction and distinguishes low-rank QKV redundancy from the much harsher head-local constraint that failed.	0	
attempt-0024	b1ca97c9a45b234ecfb6e4734b4ed57c9c36aa7b	b83d413f1422d8bf55bc797d729f1519d9e72d80	2026-08-17T06:25:08.089237+00:00			error	Reduce the learned positional factorization from rank 8 to rank 7 while retaining its learned projection, d=14, h=2, L=2, and ff=20.	Family: position representation. Retained incumbent is 3430 parameters at 99.660000%, a +0.660000 percentage-point margin over 99%. Same-family history: the most recent accepted result is attempt-0012, learned positional rank 8 (3430, 99.66%); the most recent failed result is attempt-0017, fixed-basis expansion of rank-8 codes, an optimization failure with 92.55% peak validation under its initial schedule; 4 prior family macro-attempts. The immediately preceding rank-10-QKV attempt-0023 is an optimization failure (30000 steps, 0% peak validation, no checkpoint), not an official nonqualification. Hypothesis: rank 7 may preserve the positional role capacity retained at rank 8 while removing one learned code coordinate and its 14-dimensional projection, reducing actual parameters from 3430 to 3381; the recorded rank-6 failure makes this one-rank boundary especially informative. This is a representational positional factorization, not parameterization-preserving scalar pruning. It is more informative than the nearest untested rank-5 alternative because rank 7 directly resolves the single-coordinate gap between the retained rank 8 and failed rank 6 conditions.	0	
attempt-0025	75ab580f06440c8ebd3aaff77cb2ff2efd1e2b2f	b83d413f1422d8bf55bc797d729f1519d9e72d80	2026-08-17T06:39:45.809759+00:00	99.890000%	3381	keep	Retry the learned rank-7 positional-factorization model with 45000 steps and a 10%-of-base learning-rate floor after its late 96.15% validation trajectory under zero-ending cosine decay.	Family: training control. Retained incumbent is 3430 parameters at 99.660000%, a +0.660000 percentage-point margin over 99%. Same-family history: no accepted training-control candidate; the most recent failed result is attempt-0018, the fixed-basis positional model under a 45000-step learning-rate-floor schedule, an optimization failure that peaked near 10%; 2 prior training-control attempts. The immediately preceding learned rank-7 position attempt-0024 is an optimization failure, not a scored nonqualification: its 3381-parameter model rose steadily to 96.15% validation at step 28000 before the zero-ending cosine left it at 95.95% by step 30000. This is an explicitly changed-condition retry, not a silent retry: the architecture remains rank-7 learned positional factorization, but training changes to 45000 steps with a 10%-of-base learning-rate floor to test whether continued learning clears the checkpoint threshold. It is a training-control intervention, not parameterization-preserving compression. It is more informative than the nearest untested positional rank because it first resolves whether the observed rank-7 trajectory is optimization-limited before making another representational change.	0	0
attempt-0026	fe07a01e3c01486f353b952a39ab597ff031e9c8	75ab580f06440c8ebd3aaff77cb2ff2efd1e2b2f	2026-08-17T06:53:44.315788+00:00	99.710000%	3332	keep	Reduce the learned positional factorization from retained rank 7 to rank 6 while retaining the 45000-step learning-rate-floor schedule, d=14, h=2, L=2, and ff=20.	Family: position representation. Retained incumbent is 3381 parameters at 99.890000%, a +0.890000 percentage-point margin over 99%. Same-family history: the current rank-7 representation was accepted as attempt-0025 under the successful training-control schedule (3381, 99.89%); the prior rank-6 micro-trial in attempt-0013 failed under the earlier 30000-step zero-ending schedule, peaking at 10.25% validation; 5 prior position-representation macro-attempts plus the rank-7 schedule reattempt. Hypothesis: one fewer learned positional coordinate may still preserve fixed-format position roles when paired with the retained 45000-step, nonzero-tail schedule that qualified rank 7; this is a representational factorization, not parameterization-preserving scalar pruning, and reduces actual parameters from 3381 to 3332. It is more informative than the nearest untested rank-5 alternative because rank 6 directly tests the next one-coordinate boundary under the changed training condition that invalidated the earlier standard-schedule result.	0	0
attempt-0027	ba8d7d4528b7322b37d6eb66fb44019bd0e829b2	fe07a01e3c01486f353b952a39ab597ff031e9c8	2026-08-17T07:08:48.781517+00:00	99.990000%	3283	keep	Reduce the learned positional factorization from retained rank 6 to rank 5 while retaining the 45000-step learning-rate-floor schedule, d=14, h=2, L=2, and ff=20.	Family: position representation. Retained incumbent is 3332 parameters at 99.710000%, a +0.710000 percentage-point margin over 99%. Same-family history: the most recent accepted result is attempt-0026, learned positional rank 6 (3332, 99.71%); the most recent failed result in this mechanism is attempt-0017, fixed-basis rank-8 expansion, an optimization failure, while the earlier rank-6 standard-schedule failure was superseded by the changed-condition accepted rank-6 result; 6 prior position-representation macro-attempts plus the rank-7 schedule reattempt. Hypothesis: rank 5 may retain enough learned position-specific role capacity under the successful 45000-step nonzero-tail schedule, reducing actual parameters from 3332 to 3283. This is a representational positional factorization, not parameterization-preserving scalar pruning. It is more informative than the nearest untested rank-4 alternative because rank 5 directly maps the next one-coordinate compression boundary from a qualifying rank-6 incumbent.	0	0
attempt-0028	dfa8858eb6a5123fbd2e47334f92f1874e02aa2b	ba8d7d4528b7322b37d6eb66fb44019bd0e829b2	2026-08-17T07:23:47.865951+00:00	100.000000%	3234	keep	Reduce the learned positional factorization from retained rank 5 to rank 4 while retaining the 45000-step learning-rate-floor schedule, d=14, h=2, L=2, and ff=20.	Family: position representation. Retained incumbent is 3283 parameters at 99.990000%, a +0.990000 percentage-point margin over 99%. Same-family history: the most recent accepted result is attempt-0027, learned positional rank 5 (3283, 99.99%); the prior rank-6 standard-schedule optimization failure was superseded by the accepted rank-6 changed-condition result, and the most recent distinct failed positional substitution is attempt-0017's fixed rank-8 basis; 7 prior position-representation macro-attempts plus the rank-7 schedule reattempt. Hypothesis: rank 4 may preserve the small set of fixed-format positional roles while retaining the successful learned projection and 45000-step schedule, removing another 49 actual parameters (3283 to 3234). This is a representational positional factorization, not parameterization-preserving scalar pruning. It is more informative than the nearest untested rank-3 alternative because it is the immediate one-coordinate compression boundary from the exceptionally high-margin rank-5 incumbent.	0	0
attempt-0029	a92a1ecb934d5f08abdf43baa66e7dfd2303da95	dfa8858eb6a5123fbd2e47334f92f1874e02aa2b	2026-08-17T07:39:29.010627+00:00	99.990000%	3185	keep	Reduce the learned positional factorization from retained rank 4 to rank 3 while retaining the 45000-step learning-rate-floor schedule, d=14, h=2, L=2, and ff=20.	Family: position representation. Retained incumbent is 3234 parameters at 100.000000%, a +1.000000 percentage-point margin over 99%. Same-family history: the most recent accepted result is attempt-0028, learned positional rank 4 (3234, 100.00%); the most recent distinct failed positional substitution is attempt-0017's fixed rank-8 basis, while lower learned ranks are now being re-evaluated under the successful schedule; 8 prior position-representation macro-attempts plus the rank-7 schedule reattempt. Hypothesis: rank 3 may still encode the finite position-role basis needed for this fixed format with the learned expansion and extended schedule intact, saving 49 actual parameters (3234 to 3185). This is a representational positional factorization, not parameterization-preserving scalar pruning. It is more informative than the nearest untested rank-2 alternative because it marks the next immediate capacity boundary from a fully verified rank-4 incumbent.	0	0
attempt-0030	d5f2ea4b418b4daf312a8a52404d96d3abe6b1f3	a92a1ecb934d5f08abdf43baa66e7dfd2303da95	2026-08-17T07:52:49.891790+00:00			error	Reduce the learned positional factorization from retained rank 3 to rank 2 while retaining the 45000-step learning-rate-floor schedule, d=14, h=2, L=2, and ff=20.	Family: position representation. Retained incumbent is 3185 parameters at 99.990000%, a +0.990000 percentage-point margin over 99%. Same-family history: the most recent accepted result is attempt-0029, learned positional rank 3 (3185, 99.99%); the most recent distinct failed positional substitution is attempt-0017's fixed rank-8 basis, while all lower learned ranks tested under the successful schedule so far have qualified; 9 prior position-representation macro-attempts plus the rank-7 schedule reattempt. Hypothesis: two learned positional coordinates with a learned 2-to-14 projection may still represent the task's fixed positional role structure, saving 49 actual parameters (3185 to 3136). This is a representational positional factorization, not parameterization-preserving scalar pruning. It is more informative than the nearest untested rank-1 alternative because rank 2 tests the final multi-coordinate representation before a one-dimensional positional code.	0	
attempt-0031	2b471c496b72b0aa61ccc735faad8de92290998e	a92a1ecb934d5f08abdf43baa66e7dfd2303da95	2026-08-17T08:06:06.144096+00:00			error	Reduce feed-forward width from retained 20 to 19 while retaining rank-3 learned positional factorization and the 45000-step learning-rate-floor schedule.	Family: feed-forward width. Retained incumbent is 3185 parameters at 99.990000%, a +0.990000 percentage-point margin over 99%. Same-family history: the current ff=20 setting was last accepted within the original width sweep at attempt-0003 (4288, 99.91%); the most recent failed result is attempt-0022's ff=19 micro-trial, an optimization failure with 9.9% peak validation under the earlier rank-8, 30000-step zero-ending setting; 4 prior family macro-attempts. The immediately preceding rank-2 positional attempt-0030 is an optimization failure (45000 steps, 11.1% peak validation, no checkpoint), not a scored nonqualification. Hypothesis: ff=19 may retain enough nonlinear capacity in the materially changed rank-3 positional representation and 45000-step nonzero-tail schedule, saving 56 actual parameters (3185 to 3129). This is parameterization-preserving feed-forward-width compression, not a representational substitution. It is more informative than the nearest untested ff=18 alternative because it isolates the one-channel boundary from a high-margin incumbent before any larger bottleneck reduction.	0	
attempt-0032	dba4d537094d1701c0e6ef4023b7f86aaeeb99d4	a92a1ecb934d5f08abdf43baa66e7dfd2303da95	2026-08-17T08:19:19.439276+00:00			error	Replace the retained d=14, two-head attention organization with d=13, one-head attention while retaining two transformer blocks, ff=20, rank-3 learned positions, and the 45000-step learning-rate-floor schedule.	Family: attention organization. Retained incumbent is 3185 parameters at 99.990000%, a +0.990000 percentage-point margin over 99%. Same-family history: the most recent accepted result is attempt-0006, d=14 with two heads (3528, 99.66%); the most recent failed result is attempt-0023, rank-10 QKV factorization, an optimization failure with 0% peak validation; 5 prior attention-organization macro-attempts. The immediately preceding ff=19 attempt-0031 is an optimization failure (45000 steps, 9.05% peak validation, no checkpoint), not a scored nonqualification. Hypothesis: one 13-dimensional full attention head may retain sufficient autoregressive routing for fixed-format addition when the residual width drops only one channel and all remaining components use the now-successful rank-3/45k configuration; this is a representational attention change, not scalar pruning, and reduces actual parameters from 3185 to 2861. It is more informative than the nearest untested d=12 alternative because it preserves the largest residual width below 14 while testing whether two separately parameterized heads are necessary.	0	
attempt-0033	33306bf80460daeddb5cc8448c9dd6e93c8e31f2	a92a1ecb934d5f08abdf43baa66e7dfd2303da95	2026-08-17T08:29:49.900724+00:00			error	Reverse each zero-padded operand in the input representation and use one d=14, two-head transformer block with ff=20, rank-3 learned positions, and the 45000-step learning-rate-floor schedule.	Family: token representation. Retained incumbent is 3185 parameters at 99.990000%, a +0.990000 percentage-point margin over 99%. Same-family history: no accepted token-representation substitution; the most recent failed result is attempt-0014, the rank-4 tied token-code expansion, an optimization failure with 1.5% peak validation; 1 prior attempt in this family. The immediately preceding d=13 single-head attempt-0032 is an optimization failure (45000 steps, 83.7% peak validation followed by decline, no checkpoint), not a scored nonqualification. Hypothesis: reversing padded operand digits makes each next output digit attend to aligned least-significant-first operand positions and prior generated carry, potentially eliminating the second transformer block while retaining one full causal self-attention layer. This is a token-representation plus depth substitution, not parameterization-preserving scalar pruning, reducing actual parameters from 3185 to 1785. It is more informative than reversing operands while preserving two blocks because it directly tests whether alignment removes the previously necessary second computation stage, rather than only measuring a representation change without compression.	0	
attempt-0034	ddb46dcb7ab3e48ddf0d72e1f7a518a7f93d6ab4	a92a1ecb934d5f08abdf43baa66e7dfd2303da95	2026-08-17T08:44:32.408383+00:00	99.190000%	3129	keep	Retain reversed padded operands but restore two d=14, two-head transformer blocks and use ff=19, with rank-3 learned positions and the 45000-step learning-rate-floor schedule.	Family: token representation. Retained incumbent is 3185 parameters at 99.990000%, a +0.990000 percentage-point margin over 99%. Same-family history: no accepted token-representation substitution; the most recent failed result is attempt-0033, reversed operands plus one block, an optimization failure peaking at 2.4% validation; 2 prior token-representation attempts. The immediately preceding d=13 one-head attempt-0032 is an optimization failure (45000 steps, peak 83.7% validation followed by decline, no checkpoint), not a scored nonqualification. Hypothesis: reversing operands may require both retained attention stages even if it does not support the one-layer compression; paired with the nearest ff=19 width reduction, it tests whether the representation can still support a smaller two-layer model (3185 to 3129 parameters). This is a token-representation substitution plus feed-forward-width compression, not parameterization-preserving scalar pruning. It is more informative than restoring two blocks at unchanged ff=20 because it directly resolves whether the reordering can support a qualifying reduction rather than only a non-retainable control.	0	0
attempt-0035	521fa55422fab95e458a37810b26692440e11c1e	ddb46dcb7ab3e48ddf0d72e1f7a518a7f93d6ab4	2026-08-17T08:57:46.985525+00:00			error	Reduce feed-forward width from retained 19 to 18 while retaining reversed padded operands, d=14, two heads, two blocks, rank-3 learned positions, and the 45000-step learning-rate-floor schedule.	Family: feed-forward width. Retained incumbent is 3129 parameters at 99.190000%, a +0.190000 percentage-point margin over 99%. Same-family history: the current reversed-input ff=19 configuration was accepted as attempt-0034 (3129, 99.19%); the earlier rank-3 forward-order ff=19 attempt-0031 was an optimization failure at 9.05% validation, so it does not set this representation's capacity boundary; 5 prior feed-forward-width macro-attempts plus the combined reversed-input ff=19 result. Hypothesis: one further feed-forward channel may remain redundant despite the narrow verifier margin, reducing actual parameters from 3129 to 3073 while preserving every other retained component. This is parameterization-preserving feed-forward-width compression, not a representational substitution. It is more informative than the nearest untested ff=17 alternative because ff=18 is the immediate one-channel boundary from the only qualifying ff=19 reversed-input model.	0	
attempt-0036	e098dd047436a36c03fc3443ce8368fa4d0c8e2d	ddb46dcb7ab3e48ddf0d72e1f7a518a7f93d6ab4	2026-08-17T09:11:16.416852+00:00			error	Reduce learned positional factorization from retained rank 3 to rank 2 while retaining reversed padded operands, d=14, two heads, two blocks, ff=19, and the 45000-step learning-rate-floor schedule.	Family: position representation. Retained incumbent is 3129 parameters at 99.190000%, a +0.190000 percentage-point margin over 99%. Same-family history: the current reversed-input rank-3 setting was accepted as attempt-0034 (3129, 99.19%); the most recent failed result is attempt-0030, rank 2 under forward-order inputs with ff=20, an optimization failure peaking at 11.1% validation; 10 prior position-representation macro-attempts plus the rank-7 schedule reattempt and the combined reversed-input candidate. The immediately preceding ff=18 attempt-0035 is an optimization failure (45000 steps, 10.75% peak validation, no checkpoint), not a scored nonqualification. Hypothesis: operand reversal changes the positional roles sufficiently that rank 2 could now be adequate despite the forward-order failure; retaining the qualifying ff=19 architecture would reduce actual parameters from 3129 to 3080. This is a representational positional factorization, not parameterization-preserving scalar pruning. It is more informative than the nearest untested rank-1 alternative because rank 2 is the direct lower-dimensional boundary from the retained rank-3 reversed-input model.	0	
attempt-0037	729dba332c2d15b7650ee98766f5fb2e07e974c8	ddb46dcb7ab3e48ddf0d72e1f7a518a7f93d6ab4	2026-08-17T09:25:42.530165+00:00			error	Tie query and key projections within each attention block while retaining independent value/output projections, reversed padded operands, d=14, two heads, two blocks, ff=19, rank-3 learned positions, and the 45000-step schedule.	Family: parameter tying. Retained incumbent is 3129 parameters at 99.190000%, a +0.190000 percentage-point margin over 99%. Same-family history: the accepted starting model used tied input/output embeddings (6080, 100.00%); the most recent failed result is attempt-0020, feed-forward sharing across layers, an optimization failure with 58.95% peak validation; 3 prior parameter-tying candidate attempts. The immediately preceding rank-2 reversed-input attempt-0036 is an optimization failure (45000 steps, 11.1% peak validation, no checkpoint), not a scored nonqualification. Hypothesis: a common query/key feature map may suffice for content-similarity attention in the fixed-format task while independent value and output projections preserve information transport and head mixing; this removes one 14x14 matrix per block, reducing actual parameters from 3129 to 2737. This is a representational parameter-tying change, not scalar pruning. It is more informative than the nearest untested cross-layer-attention sharing alternative because it isolates within-layer attention-score symmetry without coupling the two sequential attention computations.	0	
attempt-0038	9a606f78349133fefd3cd24930863f0acd901a3f	ddb46dcb7ab3e48ddf0d72e1f7a518a7f93d6ab4	2026-08-17T09:41:23.561189+00:00	99.710000%	3073	keep	Tie corresponding LayerNorm modules across the two blocks while retaining independent attention/feed-forward transforms, reversed padded operands, d=14, two heads, ff=19, rank-3 learned positions, and the 45000-step schedule.	Family: parameter tying. Retained incumbent is 3129 parameters at 99.190000%, a +0.190000 percentage-point margin over 99%. Same-family history: the accepted starting model used tied input/output embeddings (6080, 100.00%); the most recent failed result is attempt-0037, Q/K sharing within each attention block, an optimization failure with 11.4% peak validation; 4 prior parameter-tying candidate attempts. The immediately preceding rank-2 reversed-input attempt-0036 is an optimization failure (45000 steps, 11.1% peak validation, no checkpoint), not a scored nonqualification. Hypothesis: normalization scale/offset calibration may transfer across the two residual stages even when their attention and feed-forward computations require separate weights; tying only the two LayerNorm pairs removes 56 actual parameters (3129 to 3073). This is a parameter-tying change, not scalar pruning. It is more informative than tying the final LayerNorm to a block normalization because it preserves its distinct output-role normalization while testing the corresponding within-block mechanisms.	0	0
attempt-0039	de8aed04002c78e1425daeed2b995b3edf4aff42	9a606f78349133fefd3cd24930863f0acd901a3f	2026-08-17T09:54:05.116143+00:00			error	Tie the final LayerNorm to the shared feed-forward pre-normalization while retaining corresponding LayerNorm sharing across blocks, reversed operands, d=14, two heads, two blocks, ff=19, rank-3 learned positions, and the 45000-step schedule.	Family: parameter tying. Retained incumbent is 3073 parameters at 99.710000%, a +0.710000 percentage-point margin over 99%. Same-family history: the most recent accepted result is attempt-0038, corresponding LayerNorm sharing across blocks (3073, 99.71%); the most recent failed result is attempt-0037, Q/K sharing, an optimization failure with 11.4% peak validation; 5 prior parameter-tying candidate attempts. The preceding rank-2 reversed-input attempt-0036 is an optimization failure (45000 steps, 11.1% peak validation, no checkpoint), not a scored nonqualification. Hypothesis: the final output normalization may use the same learned affine calibration as the feed-forward pre-normalization now already shared across depth; this removes just one 14-scale-plus-14-offset vector, reducing actual parameters from 3073 to 3045. This is a parameter-tying change, not scalar pruning. It is more informative than removing that final affine entirely because it distinguishes redundancy through reuse from the need for normalization itself.	0	
attempt-0040	83d6d974e7c3aeb591f0c76676493970e378c9ee	9a606f78349133fefd3cd24930863f0acd901a3f	2026-08-17T10:06:52.849695+00:00			error	Tie attention and feed-forward pre-normalization within each block while retaining corresponding cross-layer normalization sharing, reversed operands, d=14, two heads, two blocks, ff=19, rank-3 learned positions, and the 45000-step schedule.	Family: parameter tying. Retained incumbent is 3073 parameters at 99.710000%, a +0.710000 percentage-point margin over 99%. Same-family history: the most recent accepted result is attempt-0038, corresponding LayerNorm sharing across blocks (3073, 99.71%); the most recent failed result is attempt-0039, final-normalization sharing, an optimization failure with 10.7% peak validation; 6 prior parameter-tying candidate attempts. Hypothesis: attention and feed-forward residual updates may use one shared pre-normalization affine calibration while the final output normalization remains distinct; with the existing cross-layer tie, this removes one further 14-scale-plus-14-offset vector, reducing actual parameters from 3073 to 3045. This is a parameter-tying change, not scalar pruning. It is more informative than final-normalization sharing because it preserves the output-specific calibration that the prior failure directly implicated.	0	
attempt-0041	a4b3599e6eae9457e0ebc438d69d82ace76dda0c	9a606f78349133fefd3cd24930863f0acd901a3f	2026-08-17T10:22:05.217178+00:00	99.990000%	3031	keep	Remove the three remaining shared LayerNorm additive bias vectors while retaining LayerNorm scales/statistics, cross-layer norm sharing, reversed operands, d=14, two heads, two blocks, ff=19, rank-3 learned positions, and the 45000-step schedule.	Family: normalization. Retained incumbent is 3073 parameters at 99.710000%, a +0.710000 percentage-point margin over 99%. Same-family history: no accepted normalization compression; the most recent failed result is attempt-0016, no LayerNorm biases in the earlier rank-8 forward-order architecture, an optimization failure with 10.25% peak validation; 3 prior normalization attempts. The immediately preceding in-block normalization-tying attempt-0040 is an optimization failure (45000 steps, 10% peak validation, no checkpoint), not a scored nonqualification. Hypothesis: with only three affine LayerNorm modules remaining after the accepted cross-layer sharing, their additive offsets may be redundant while learned scales and LayerNorm statistics retain calibration; this removes 42 actual scalar parameters (3073 to 3031). This is parameterization-preserving normalization compression, not a representational substitution. It is more informative than RMSNorm because it isolates learned offsets without changing the normalization statistic or the accepted sharing arrangement.	0	0
attempt-0042	bcc2bea6e1bf80886f1d4216e8765afb4702704e	a4b3599e6eae9457e0ebc438d69d82ace76dda0c	2026-08-17T10:33:48.914612+00:00			error	Remove all remaining LayerNorm affine scales as well as offsets while retaining affine-free LayerNorm statistics, cross-layer norm sharing, reversed operands, d=14, two heads, two blocks, ff=19, rank-3 positions, and the 45000-step schedule.	Family: normalization. Retained incumbent is 3031 parameters at 99.990000%, a +0.990000 percentage-point margin over 99%. Same-family history: the most recent accepted result is attempt-0041, offset-free shared LayerNorm (3031, 99.99%); the most recent failed result is attempt-0016, offset-free LayerNorm in the earlier forward-order/rank-8 setup, an optimization failure; 4 prior normalization attempts. Hypothesis: the three shared LayerNorm scales may also be unnecessary once offsets have been successfully removed, while the centering and variance statistic remain active; this removes 42 actual learned scalars, reducing 3031 to 2989. This is parameterization-preserving normalization compression, not a representational substitution. It is more informative than replacing LayerNorm with RMSNorm because it directly isolates all affine parameters while retaining the same mean-and-variance normalization statistic.	0	
attempt-0043	146a84aa74ecbc2d1a6bd070f8313356829e2cd8	a4b3599e6eae9457e0ebc438d69d82ace76dda0c	2026-08-17T10:47:03.544529+00:00			error	Replace the 15x14 tied token table with a rank-5 learned token code and one shared learned 5-to-14 expansion used to form both input embeddings and output-logit rows, retaining all other current mechanisms.	Family: token representation. Retained incumbent is 3031 parameters at 99.990000%, a +0.990000 percentage-point margin over 99%. Same-family history: the most recent accepted token-representation result is attempt-0034, reversed padded operands (3129, 99.19%), while the most recent failed result is attempt-0033, reversed operands with one layer, an optimization failure peaking at 2.4% validation; 3 prior token-representation attempts. The immediately preceding affine-free-normalization attempt-0042 is an optimization failure (45000 steps, 8.3% peak validation, no checkpoint), not a scored nonqualification. Hypothesis: the vocabulary's 15 token identities may lie in a five-dimensional learned subspace when a shared learned expansion forms both the token input table and tied output-logit table; unlike the prior fixed rank-4 token basis, this preserves an adaptable token subspace. This is a representational token factorization, not parameterization-preserving scalar pruning, reducing actual parameters from 3031 to 2966. It is more informative than the nearest untested rank-4 learned factorization because rank 5 is the smallest reduction that retains a comparatively rich learned token subspace after the fixed rank-4 failure.	0	
attempt-0044	5e4f14f4e8a5fc89538ccc6965565fb6862a403d	a4b3599e6eae9457e0ebc438d69d82ace76dda0c	2026-08-17T11:00:01.998248+00:00			error	Tie each feed-forward output map to the transpose of its own learned input expansion while retaining GELU, independent attention, shared no-offset normalization, reversed operands, d=14, h=2, L=2, ff=19, rank-3 positions, and the 45000-step schedule.	Family: parameter tying. Retained incumbent is 3031 parameters at 99.990000%, a +0.990000 percentage-point margin over 99%. Same-family history: the most recent accepted result is attempt-0038, cross-layer LayerNorm sharing (3073, 99.71%); the most recent failed result is attempt-0040, in-block normalization sharing, an optimization failure with 10% peak validation; 7 prior parameter-tying candidate attempts. The immediately preceding learned rank-5 token-factorization attempt-0043 is an optimization failure (45000 steps, 0% peak validation, no checkpoint), not a scored nonqualification. Hypothesis: each feed-forward residual update may operate as a learned nonlinear analysis/synthesis pair using one expansion and its transpose, preserving the GELU and separate block-specific basis while removing one 14x19 matrix per block; this reduces actual parameters from 3031 to 2499. This is a representational parameter-tying change, not scalar pruning. It is more informative than cross-layer feed-forward sharing because it preserves each layer's distinct nonlinear basis while testing whether within-layer reconstruction needs an independent decoder.	0	
attempt-0045	ea7532a1a103060f3f552ba57104a4f979ea756a	a4b3599e6eae9457e0ebc438d69d82ace76dda0c	2026-08-17T11:16:48.465645+00:00	99.960000%	2980	keep	Replace the 35-row rank-3 learned positional code table with factorized rank-3 digit-index and sequence-segment code tables, sharing digit-index codes across reversed operands and output while retaining separate segment codes, learned expansion, shared no-offset normalization, d=14, h=2, L=2, ff=19, and the 45000-step schedule.	Family: position representation. Retained incumbent is 3031 parameters at 99.990000%, a +0.990000 percentage-point margin over 99%. Same-family history: the rank-3 learned-position mechanism was retained in attempt-0029 (3185, 99.99%) and is used in the reversed-operand architecture accepted at attempt-0034 (3129, 99.19%); the most recent failed position result is attempt-0036, reversed operands with rank-2 positions, an optimization failure peaking near 11.1% validation; 11 prior position-representation macro attempts plus a rank-7 training-tail reattempt. The immediately preceding feed-forward symmetry attempt-0044 is an optimization failure (45000 steps completed, 94.85% peak validation, no checkpoint), not a scored nonqualification. Hypothesis: after reversing padded operand and result digit order, a shared digit-index code can supply the common least-significant-to-most-significant coordinate across both operands and the output, while seven segment codes distinguish BOS, operand, separator, and result roles. Replacing the 35x3 position table plus 3x14 expansion (147 learned values) with 11x3 digit-index plus 7x3 segment codes plus the same expansion (96 learned values) reduces actual parameters from 3031 to 2980. This is a structured positional representation factorization, not scalar pruning. It is more informative than a fixed positional projection because it isolates table redundancy while retaining a learned positional subspace and alignment-specific sharing.	0	0
attempt-0046	e47bb84f7648d384ff3b2420c7be818ba650af67	ea7532a1a103060f3f552ba57104a4f979ea756a	2026-08-17T11:30:27.587010+00:00			error	Tie the rank-3 factorized positional segment code for the two reversed padded operand fields while retaining distinct BOS, separator, equals, output, and EOS segment codes, shared digit-index positions, learned expansion, shared no-offset normalization, d=14, h=2, L=2, ff=19, and the 45000-step schedule.	Family: position representation. Retained incumbent is attempt-0045 with 2980 parameters at 99.960000%, a +0.960000 percentage-point margin over 99%. Same-family history: the most recent accepted result is attempt-0045, 7 segment codes plus shared digit-index codes (2980, 99.96%); the most recent failed result is attempt-0036, reversed operands with rank-2 learned positions, an optimization failure peaking near 11.1% validation; 12 prior position-representation macro attempts plus a rank-7 schedule reattempt. Hypothesis: with inputs containing two identically formatted, reversed ten-digit operands, their learned role offsets need not differ once the plus token and causal order identify the fields. Mapping both operand spans to one segment code reduces the segment table from 7x3 to 6x3, lowering actual parameters from 2980 to 2977 while preserving digit-index alignment and the distinct output role. This is structured semantic parameter sharing within the accepted factorized positional representation, not scalar pruning. It is more informative than tying every delimiter code at once because it isolates the exchangeable operand-role assumption before changing boundary or output distinctions.	0	
attempt-0047	a0772fbd3bb456959d603cfe776fda99be421baf	ea7532a1a103060f3f552ba57104a4f979ea756a	2026-08-17T11:31:59.460500+00:00			error	Remove only the final LayerNorm learned scale vector while retaining its centering-and-variance statistic, all three shared no-offset pre-normalization scales, factorized rank-3 positions, reversed operands, d=14, h=2, L=2, ff=19, and the 45000-step schedule.	Family: normalization. Retained incumbent is attempt-0045 with 2980 parameters at 99.960000%, a +0.960000 percentage-point margin over 99%. Same-family history: the most recent accepted result is attempt-0041, no LayerNorm additive bias vectors (3031, 99.99%), and the incumbent retains its block scales; the most recent failed result is attempt-0042, removal of all remaining LayerNorm scales, an optimization failure peaking at 8.3% validation; 4 prior normalization macro attempts. The immediately preceding attempt-0046 position-sharing candidate is an optimization failure (45000 steps, 0% peak validation, no checkpoint), not a scored nonqualification. Hypothesis: the final normalization statistic may be useful but its per-channel learned scale could be redundant because the tied output embedding and retained pre-normalization scales already calibrate representations. Removing only this 14-element scale lowers actual parameters from 2980 to 2966 while preserving all shared block scales. This is a focused normalization parameterization ablation, not a representational substitution. It is more informative than removing all scales again because it distinguishes final-logit calibration from block residual-stream calibration; the nearest untested fixed-unit-scale alternative would merely restate the same absence of learned final scaling.	1	
attempt-0048	29b9f3e46bbad8195eb164d8a2777d828d31fb4c	ea7532a1a103060f3f552ba57104a4f979ea756a	2026-08-17T11:44:13.603766+00:00			error	Retry the final-LayerNorm-scale ablation after correcting initialization to handle affine-free LayerNorms: retain its normalization statistic, all shared no-offset pre-normalization scales, factorized rank-3 positions, reversed operands, d=14, h=2, L=2, ff=19, and the 45000-step schedule.	Family: normalization. Retained incumbent is attempt-0045 with 2980 parameters at 99.960000%, a +0.960000 percentage-point margin over 99%. Same-family history: the most recent accepted result is attempt-0041, no LayerNorm additive bias vectors (3031, 99.99%); the most recent evaluated failure is attempt-0042, removal of all remaining LayerNorm scales, an optimization failure peaking at 8.3% validation; 5 prior normalization macro attempts. Attempt-0047 was a pre-training setup error, not an optimization result: an affine-free final LayerNorm exposed an initializer that unconditionally filled module.weight, which was None. This candidate fixes that general guard and tests the same scientific hypothesis: final per-channel scaling may be redundant while the output normalization statistic and the three shared block scales remain. It removes only 14 learned values, from 2980 to 2966. This is a focused normalization ablation, not scalar pruning. Retrying after the documented configuration correction is more informative than changing the mechanism, because no training signal was obtained in attempt-0047; it remains more diagnostic than all-scale removal because it isolates final-logit calibration from residual-stream calibration.	0	
attempt-0049	38251e3353449da8684300ed083c925974a2ecfe	ea7532a1a103060f3f552ba57104a4f979ea756a	2026-08-17T11:58:07.205874+00:00			error	Replace each two-head full-QKV attention layer with multi-query attention: preserve a full two-head query projection and output projection while sharing one key and one value per token across both heads; retain factorized rank-3 positions, shared no-offset normalization, reversed operands, d=14, L=2, ff=19, and the 45000-step schedule.	Family: parameter tying. Retained incumbent is attempt-0045 with 2980 parameters at 99.960000%, a +0.960000 percentage-point margin over 99%. Same-family history: the most recent accepted structural-sharing result is attempt-0038, cross-layer LayerNorm sharing (3073, 99.71%); the most recent failed result is attempt-0044, transpose-tied feed-forward maps, an optimization failure peaking at 94.85% validation; 8 prior parameter-tying macro attempts. The immediately preceding attempt-0048 final-scale ablation is an optimization failure (45000 steps, 84.0% peak validation, no checkpoint), not a scored nonqualification. Hypothesis: two attention heads need distinct query directions to choose different causal locations, but may reuse a common tokenwise key/value memory. Replacing per-block 3d-by-d QKV maps with one d-by-d query map and one d-by-2d_head key/value map saves 196 learned values per block at d=14,h=2, reducing actual parameters from 2980 to 2588 while retaining two query heads and the output mixer. This is a structured multi-query attention representation, not scalar pruning. It is more informative than sharing full QKV across blocks or transpose tying because it isolates cross-head KV redundancy while preserving layer-specific maps and head-specific queries.	0	
attempt-0050	687c1a80707dc0727160acb5bab09e4c71d92a4f	ea7532a1a103060f3f552ba57104a4f979ea756a	2026-08-17T12:10:54.237910+00:00			error	Reduce the feed-forward width from 19 to 18 in both blocks while retaining factorized rank-3 positional codes, distinct operand segment codes, full two-head QKV attention, shared no-offset normalization, reversed operands, d=14, L=2, and the 45000-step schedule.	Family: feed-forward width. Retained incumbent is attempt-0045 with 2980 parameters at 99.960000%, a +0.960000 percentage-point margin over 99%. Same-family history: the most recent accepted result is attempt-0025, ff=19 in the earlier rank-7 forward-order architecture (3381, 99.89%); the most recent failed result is attempt-0035, ff=18 in the pre-factorized reversed-input architecture, an optimization failure; 6 prior feed-forward-width macro attempts plus one closed fine-width automation. The immediately preceding multi-query candidate attempt-0049 is an optimization failure (45000 steps, 7.35% peak validation, no checkpoint), not a scored nonqualification. Hypothesis: the accepted factorized positional representation reduces the role-specific burden on the residual stream enough that one fewer nonlinear channel per block can suffice. Reducing each 14-to-19-to-14 feed-forward pair to width 18 removes 28 learned values per block, lowering actual parameters from 2980 to 2924. This is a one-channel feed-forward-width compression, not a representational substitution. It is more informative than trying ff=17 because it revisits the immediate width boundary under the materially different accepted factorized-position architecture; it also identifies whether position factorization, not just wider feed-forward capacity, provides the incumbent's margin.	0	
attempt-0051	ced9d1904de66f08a10ad3a90c685a2c03440d2a	ea7532a1a103060f3f552ba57104a4f979ea756a	2026-08-17T12:26:00.999809+00:00	99.440000%	2944	keep	Replace the 15x14 tied token table with rank-6 learned token codes and one shared learned 6-to-14 expansion that forms both input embeddings and output-logit rows, retaining factorized rank-3 positions, full QKV attention, shared no-offset normalization, reversed operands, two blocks, ff=19, and the 45000-step schedule.	Family: token representation. Retained incumbent is attempt-0045 with 2980 parameters at 99.960000%, a +0.960000 percentage-point margin over 99%. Same-family history: the last attempted learned token-factorization is attempt-0043, rank 5, an optimization failure with 0% peak validation; a prior fixed rank-4 token basis also failed; 4 prior token-representation macro attempts. The immediately preceding width-18 candidate attempt-0050 is an optimization failure (45000 steps, 87.15% peak validation, no checkpoint), not a scored nonqualification. Hypothesis: the 15 token identities may require more than five but not all fourteen latent coordinates when one learned expansion is shared between the input table and tied output rows. Rank 6 uses 15x6 token codes plus one 6x14 expansion, replacing 210 tied-table values with 174 and reducing actual parameters from 2980 to 2944 while preserving exact input/output factor tying. This is a learned token-subspace representation, not scalar pruning. It is more informative than a rank-7 test because rank 6 is the nearest richer alternative to the rank-5 optimization failure; it is more informative than untied low-rank tables because it directly tests compression under the retained tying constraint.	0	0
attempt-0052	4c8c2ed28bff15444136eccb08000c646289f4a7	ced9d1904de66f08a10ad3a90c685a2c03440d2a	2026-08-17T12:39:36.908566+00:00			error	Reduce the retained rank-6 learned tied token factorization to rank 5 while retaining factorized rank-3 positions, full QKV attention, shared no-offset normalization, reversed operands, d=14, two blocks, ff=19, and the 45000-step schedule.	Family: token representation. Retained incumbent is attempt-0051 with 2944 parameters at 99.440000%, a +0.440000 percentage-point margin over 99%. Same-family history: the most recent accepted result is attempt-0051, rank-6 learned tied token codes (2944, 99.44%); the closest prior failed result is attempt-0043, rank 5 in the earlier non-factorized-position architecture, an optimization failure peaking at 0%; 5 prior token-representation macro attempts. The immediately preceding width-18 candidate attempt-0050 is an optimization failure (45000 steps, 87.15% peak validation, no checkpoint), while the factorized-position/token-rank-6 combination has since changed the retained representation. Hypothesis: by sharing digit-index/segment positional structure and using the now-confirmed tied token-code pathway, the task may fit in a five-dimensional token identity subspace even though rank 5 did not optimize in the prior positional regime. Reducing rank 6 to rank 5 replaces 15x6 plus 6x14 token values with 15x5 plus 5x14, lowering actual parameters from 2944 to 2915. This is a one-rank learned token-subspace reduction, not scalar pruning. It is more informative than rank 4 because rank 5 is the immediate retained-token boundary and directly resolves whether the prior rank-5 failure was due to its former positional representation.	0	
attempt-0053	f5c279e99795a809fc2a06b90bf64facd3b9054b	ced9d1904de66f08a10ad3a90c685a2c03440d2a	2026-08-17T12:54:26.500022+00:00			error	Reduce the factorized positional representation from rank 3 to rank 2 while retaining the rank-6 tied token subspace, distinct seven segment codes, digit-index sharing, full QKV attention, shared no-offset normalization, reversed operands, d=14, two blocks, ff=19, and the 45000-step schedule.	Family: position representation. Retained incumbent is attempt-0051 with 2944 parameters at 99.440000%, a +0.440000 percentage-point margin over 99%. Same-family history: the most recent accepted positional result is attempt-0045, rank-3 digit-index plus segment factorization (2980, 99.96%); the most recent rank-2 failure is attempt-0036, a reversed-input but unfactorized 35-row rank-2 position table, an optimization failure; 13 prior position-representation macro attempts plus a rank-7 schedule reattempt. The immediately preceding rank-5 token candidate attempt-0052 is an optimization failure (45000 steps, 98.3% peak validation, no checkpoint), not a scored nonqualification. Hypothesis: explicit digit-index and segment sharing concentrates the necessary positional distinctions enough that two latent coordinates can now suffice, unlike the former independent per-position table. Reducing rank from 3 to 2 changes the factorized positional code tables and projection from 11x3 plus 7x3 plus 3x14 to 11x2 plus 7x2 plus 2x14, lowering actual parameters from 2944 to 2912. This is a positional-subspace representation reduction, not scalar pruning. It is more informative than rank 1 because it tests the immediate lower boundary of the accepted factorized representation rather than a qualitatively collapsed code space.	0	
attempt-0054	5915cf769ad5b8187d8750b054f48b664df8fc78	ced9d1904de66f08a10ad3a90c685a2c03440d2a	2026-08-17T13:27:51.397220+00:00	98.930000%	2944	discard	Extend the rank-5 tied token-factorization candidate from 45000 to 75000 steps while preserving its prior cosine trajectory through step 45000 and continuing at the 1e-4 learning-rate floor.	Family: training control. Retained incumbent is attempt-0051 with 2944 parameters at 99.440000%, a +0.440000 percentage-point margin over 99%. Same-family history: the most recent accepted result is attempt-0025, whose extended 45000-step learning-rate-floor condition qualified the rank-7 positional factorization at 3381 parameters and 99.89%; the most recent failed result is attempt-0018, whose 45000-step floor retry of fixed-basis positions remained an optimization failure; 2 prior training-control attempts. The immediate precursor for this exact rank-5 token candidate is attempt-0052, an optimization failure after 45000 steps with validation still rising but only 98.30% at the endpoint; its archived log justifies a changed-condition retry rather than a silent retry. Hypothesis: the rank-5 tied token subspace may cross the checkpoint gate with additional constant-floor optimization after its observed late learning. This is a training-control change, not a parameterization-preserving compression or representational change: it keeps the 2915-parameter rank-5 architecture fixed while preserving the previous schedule through step 45000 and adds 30000 steps at 1e-4. It is more informative than changing token rank or learning rate immediately because it isolates whether the unscored boundary was training duration rather than token-subspace capacity.	0	0
attempt-0055	e3fec68d86044d2f4a941e7822200a2f2622f8b4	ced9d1904de66f08a10ad3a90c685a2c03440d2a	2026-08-17T13:53:49.735187+00:00	99.970000%	2915	keep	Retry the rank-5 learned tied token factorization with 75000 steps, preserving the prior 45000-step cosine trajectory and continuing at the 1e-4 learning-rate floor.	Family: token representation. Retained incumbent is attempt-0051 with 2944 parameters at 99.440000%, a +0.440000 percentage-point margin over 99%. Same-family history: the most recent accepted result is attempt-0051, rank-6 learned tied token codes at 2944 parameters and 99.44%; the most recent failed result is attempt-0052, rank 5 under the prior 45000-step schedule, an optimization failure whose validation reached 98.30% at the endpoint; 5 prior token-representation macro attempts. Attempt-0054 was a scored nonqualification of the unchanged rank-6 incumbent under a longer schedule, so it is not evidence for rank five. Hypothesis: the direct rank-5 code/projection factorization can qualify if its continuously improving prior trajectory receives 30000 more constant-floor updates. This is a representational token-subspace compression from rank 6 to rank 5, not parameterization-preserving scalar pruning; the training continuation is an explicitly changed condition for this previously unscored architecture. It removes 29 actual parameters (2944 to 2915) while preserving the same learned expansion for input embeddings and output logits. It is more informative than the nearest untested rank-4 alternative because it first resolves the immediate one-rank boundary under sufficient optimization.	0	0
attempt-0056	6dbcc21c9c1a57f0845fffe39839921999111a72	e3fec68d86044d2f4a941e7822200a2f2622f8b4	2026-08-17T14:22:12.912091+00:00	99.310000%	2886	keep	Reduce the learned tied token code/projection factorization from rank 5 to rank 4 while retaining factorized rank-3 positions, shared no-offset normalization, d=14, two blocks, ff=19, and the successful 75000-step schedule.	Family: token representation. Retained incumbent is attempt-0055 with 2915 parameters at 99.970000%, a +0.970000 percentage-point margin over 99%. Same-family history: the most recent accepted result is attempt-0055, rank-5 learned tied token codes (2915, 99.97%); the most recent failed result is attempt-0052, rank 5 under a shorter 45000-step schedule, an optimization failure ending at 98.30% validation; 6 prior token-representation macro attempts. Hypothesis: after the accepted rank-5 code compressed the tied token table, one further latent coordinate may remain redundant when the factorized positional representation and longer schedule are unchanged. This is a representational token-subspace compression, not parameterization-preserving scalar pruning: rank 4 replaces 15x5 plus 5x14 weights with 15x4 plus 4x14 weights and lowers the actual count from 2915 to 2886. It is more informative than rank 3 because it tests the immediate lower-rank boundary without conflating the result with a two-coordinate reduction.	0	0
attempt-0057	6dbcc21c9c1a57f0845fffe39839921999111a72	6dbcc21c9c1a57f0845fffe39839921999111a72	2026-08-17T14:46:40.667526+00:00			discard	[automation:token-rank-descend] Monotonic descent of the remaining learned tied-token ranks below the retained rank-4 representation, one runner-mediated micro-trial per rank. | Attempted tied-token ranks 3, 2, and 1 in descending order under the declared rank-4 frontier; micro-0001 at rank 3 completed 75000 training steps in 22.8 minutes but was an optimization failure (validation remained at or below 0.10%, no checkpoint or official score), so ranks 2 and 1 were ineligible under the monotonic stopping rule. No micro-trial was retained; the frontier remains rank 4 at 2886 parameters and 99.310000%. Compute used: 75000 training steps. Stopped because the first recorded optimization-failure error changed the declared lower-rank eligibility rule, as documented in AUTOMATION_TRIGGER.json.	Family: token representation. Retained incumbent is attempt-0056 with 2886 parameters at 99.310000%, a +0.310000 percentage-point margin over 99%. Same-family history: the most recent accepted result is attempt-0056, rank-4 learned tied token codes (2886, 99.31%); the most recent failed result is attempt-0052, rank 5 under the 45000-step schedule, an optimization failure ending at 98.30% validation; 7 prior token-representation macro attempts. Hypothesis: a still-lower tied token identity subspace may qualify because rank 4 retained all ten digit and five structural token identities under the successful factorized-position architecture. This is token-subspace representational compression, not parameterization-preserving scalar pruning. Ordering: test ranks 3, then 2, then 1 in descending order, always from the runner-retained source. Acceptance/rollback: the runner alone retains only a qualified strictly smaller candidate and restores the incumbent otherwise. Stop after the first scored discard or error because it changes the monotonic lower-rank eligibility rule, on no eligible rank, or at the declared cap. Maximum micro-trials: 3. Compute budget: at most 225000 training steps and three configured runner training windows; every train, verify, retain, and discard action occurs exclusively through run_attempt.py. This is more informative than jumping to rank 2 because rank 3 locates the immediate remaining capacity boundary.		
attempt-0058	e0e960c0bf6cf7142297422923a0e74cd909c435	6dbcc21c9c1a57f0845fffe39839921999111a72	2026-08-17T15:08:24.037671+00:00	99.940000%	2690	keep	Tie the two transformer blocks’ attention output projections while retaining independent QKV maps, feed-forward sublayers, shared no-offset normalizations, rank-4 tied tokens, factorized rank-3 positions, d=14, ff=19, and the 75000-step schedule.	Family: parameter tying. Retained incumbent is attempt-0056 with 2886 parameters at 99.310000%, a +0.310000 percentage-point margin over 99%. Same-family history: the most recent accepted result is attempt-0038, which tied corresponding LayerNorms across the two blocks (3073, 99.71%); the most recent failed result is attempt-0049, multi-query attention, an optimization failure; 9 prior parameter-tying macro attempts. The immediately preceding token-rank automation ended in a rank-3 optimization failure after 75000 steps, which establishes a token-subspace boundary but does not test inter-block attention sharing. Hypothesis: the post-attention mixing map may be reusable across the two serial stages even though attention routing and value formation require layer-specific QKV weights. This is a representational parameter-tying change, not scalar pruning: it shares only one 14x14 output map and removes 196 actual parameters (2886 to 2690), while retaining two self-attention applications and all QKV/FF transforms. It is more informative than the nearest untested cross-layer QKV tie because it first constrains the already-mixed attention output rather than the causal attention scores or values.	0	0
attempt-0059	5d4588e0b530eabf5e627cf280a4aeb68f863b6d	e0e960c0bf6cf7142297422923a0e74cd909c435	2026-08-17T15:28:53.779488+00:00	99.360000%	2676	keep	Tie the final LayerNorm scale to the shared first pre-attention LayerNorm scale while retaining layer-shared attention outputs, no offsets, rank-4 tied tokens, factorized rank-3 positions, d=14, ff=19, and the 75000-step schedule.	Family: parameter tying. Retained incumbent is attempt-0058 with 2690 parameters at 99.940000%, a +0.940000 percentage-point margin over 99%. Same-family history: the most recent accepted result is attempt-0058, cross-layer attention-output sharing (2690, 99.94%); the most recent failed result is attempt-0049, multi-query attention, an optimization failure; 10 prior parameter-tying macro attempts. The preceding rank-3 token automation failure establishes a token-rank boundary but does not test final normalization calibration. Hypothesis: after tying the corresponding pre-norms across blocks, the final norm's learned scale may encode the same residual-stream calibration as the shared first pre-attention norm. This is a parameter-tying representational change, not scalar pruning: it shares one 14-scalar scale vector while retaining the final normalization operation and all normalization statistics, reducing actual parameters from 2690 to 2676. It is more informative than retrying the previously failed final-to-pre-FF tie because it isolates a different, role-closer pre-attention normalization scale in the materially changed, attention-output-tied architecture.	0	0
attempt-0060	fd2fadb7685010baf73de9733a251a79e44e2d3d	5d4588e0b530eabf5e627cf280a4aeb68f863b6d	2026-08-17T15:46:54.678049+00:00			error	Share the pre-attention and pre-feed-forward LayerNorm scales within each block, yielding one scale shared across both blocks and the already tied final normalization; retain shared attention outputs, rank-4 tokens, factorized rank-3 positions, d=14, ff=19, and 75000 steps.	Family: parameter tying. Retained incumbent is attempt-0059 with 2676 parameters at 99.360000%, a +0.360000 percentage-point margin over 99%. Same-family history: the most recent accepted result is attempt-0059, final-to-pre-attention normalization-scale tying (2676, 99.36%); the most recent failed result is attempt-0049, multi-query attention, an optimization failure; 11 prior parameter-tying macro attempts. The closest related failure is attempt-0040, within-block pre-norm tying under an earlier rank-3-position, full-attention-output, 45000-step architecture; this is an explicitly changed-condition retry because the current model has rank-4 tied tokens, shared attention outputs, an already accepted final/pre-attention tie, and 75000 updates. Hypothesis: the two residual-branch normalizations can use one shared scale when their centering and variance statistics remain separate. This is parameter tying, not scalar pruning: it removes the remaining distinct 14-scalar pre-feed-forward scale, lowering actual parameters from 2676 to 2662. It is more informative than deleting the scale because it preserves learned normalization calibration while isolating whether branch-specific scaling remains needed.	0	
attempt-0061	e3cf1fba5dec7d236064d0ec8f55568e650193ea	5d4588e0b530eabf5e627cf280a4aeb68f863b6d	2026-08-17T16:07:32.483954+00:00			error	Split QKV into explicit query, key, and value maps and tie only the value map across the two blocks; retain independent Q/K maps, shared attention outputs, shared final/pre-attention normalization scale, rank-4 tied tokens, factorized rank-3 positions, d=14, ff=19, and 75000 steps.	Family: parameter tying. Retained incumbent is attempt-0059 with 2676 parameters at 99.360000%, a +0.360000 percentage-point margin over 99%. Same-family history: the most recent accepted result is attempt-0059, final-to-pre-attention normalization-scale tying (2676, 99.36%); the most recent failed result is attempt-0060, within-block pre-norm scale sharing, an optimization failure plateauing near 94% validation after 75000 steps; 12 prior parameter-tying macro attempts. Hypothesis: the value transform is a reusable content basis across two attention stages, particularly because the downstream attention-output map is already shared, while queries and keys must remain layer-specific to form distinct causal attention patterns. Refactoring the combined QKV linear map into equivalent separate maps is parameterization-preserving; tying only the two 14x14 value maps is the representational compression, not scalar pruning. It removes 196 actual parameters (2676 to 2480). It is more informative than tying Q or K across depth because it preserves attention-score formation and tests only cross-stage value content reuse.	0	
attempt-0062	9a78e4371710d31ef1ac6f067dfd20019bfff847	5d4588e0b530eabf5e627cf280a4aeb68f863b6d	2026-08-17T16:31:16.623359+00:00	99.110000%	2578	keep	Replace the shared dense 14-by-14 attention output map with a shared pair of independent 7-by-7 head-local output maps, retaining dense QKV routing, two attention heads, two blocks, shared final/pre-attention normalization scale, rank-4 tied tokens, factorized rank-3 positions, ff=19, and 75000 steps.	Family: attention organization. Retained incumbent is attempt-0059 with 2676 parameters at 99.360000%, a +0.360000 percentage-point margin over 99%. Same-family history: the most recent accepted result is attempt-0006, which reduced the residual width to d=14 with two heads (3528, 99.66%); the most recent failed result is attempt-0023, rank-10 QKV factorization, an optimization failure; 6 prior attention-organization macro attempts. The immediately preceding cross-layer value-sharing attempt-0061 was an optimization failure near 11% validation, so it rules out that tying hypothesis but not a within-layer output organization change. Hypothesis: the two heads may already provide independent local attention channels, so dense cross-head output mixing can be deferred to the residual/feed-forward path while retaining dense QKV maps for attention formation. This is an attention-organization representational change, not scalar pruning: the shared dense output map is replaced by a shared pair of 7x7 head-local maps, reducing the expected learned output-map degrees of freedom by 98; the runner will calculate the actual deduplicated count. It is more informative than head-local QKV, which previously failed, because it preserves full cross-head routing in QKV and isolates only the post-attention mixing constraint.	0	0
attempt-0063	e8c0866d5946c4077f50123955f6f8c1da4ba904	9a78e4371710d31ef1ac6f067dfd20019bfff847	2026-08-17T16:51:02.332305+00:00			error	Tie the two 7-by-7 head-local attention output maps to one shared 7-by-7 basis while retaining independent two-head QKV routing, cross-layer output sharing, shared final/pre-attention normalization scale, rank-4 tokens, factorized rank-3 positions, d=14, ff=19, and 75000 steps.	Family: attention organization. Retained incumbent is attempt-0062 with 2578 parameters at 99.110000%, a +0.110000 percentage-point margin over 99%. Same-family history: the most recent accepted result is attempt-0062, separate head-local attention output maps (2578, 99.11%); the most recent failed result is attempt-0023, rank-10 QKV factorization, an optimization failure; 7 prior attention-organization macro attempts. The immediately preceding cross-layer value-sharing attempt-0061 failed near 11% validation, which indicates depth-shared content maps are unsuitable but does not test whether the two heads can decode through one common output basis. Hypothesis: separate QKV attention patterns may produce head-specific content that can nevertheless share the same 7-dimensional output-basis transformation; the residual/feed-forward paths retain head mixing after concatenation. This is an attention-organization parameter-tie, not scalar pruning: it replaces two shared 7x7 head output maps with one shared 7x7 map, reducing the expected deduplicated count from 2578 to 2529. It is more informative than eliminating the second head because it preserves independent attention distributions and isolates only their output decoding basis.	0	
